"","X","word","counts","aveScore"
"1",24,"the",6961,1.65261675352739
"2",143,"you",4714,1.63607858048162
"3",19,"i",3486,1.59286598107504
"4",39,"love",3154,1.74027626681935
"5",7,"a",3132,1.58718096049476
"6",13,"me",2895,1.51720139078266
"7",41,"of",2551,1.59356383763838
"8",147,"in.",2503,1.56548598304927
"9",98,"my",2461,1.55010993176649
"10",73,"to",2349,1.59086611785095
"11",2,"on",1466,1.60481329113924
"12",5,"it",1352,1.64395007597135
"13",27,"your",1055,1.66985395189003
"14",12,"for.",1040,1.58218830727396
"15",258,"be",975,1.72869016290727
"16",194,"is",967,1.65405202628697
"17",62,"don.t",943,1.93209725158562
"18",314,"all",860,1.66111406844106
"19",1,"i.m",829,1.43019191049914
"20",9,"do",742,1.65666983737343
"21",61,"baby",700,1.48090503597122
"22",255,"heart",684,1.62202350636631
"23",107,"time",661,1.47661162079511
"24",515,"little",660,1.41993343653251
"25",388,"with",649,1.70725593008739
"26",543,"blues",624,0.75838683788122
"27",35,"one",616,1.42821316783594
"28",355,"that",596,1.630536121673
"29",482,"when",571,1.42813356164384
"30",432,"it.s",570,1.7753504
"31",161,"night",533,1.64167071935157
"32",33,"no",531,1.6098756581612
"33",110,"song",521,1.65751724137931
"34",197,"man",515,1.56551394759087
"35",386,"what",506,1.73090740740741
"36",391,"girl",506,1.81883121019108
"37",6,"like",503,1.86315831663327
"38",52,"up",502,1.88598049414824
"39",20,"go",492,1.54850149365198
"40",15,"get",484,1.82783269961977
"41",311,"down",479,1.48998694029851
"42",83,"home",439,1.04362091503268
"43",111,"so",434,1.49064009918526
"44",11,"good",429,1.56694753577107
"45",76,"got",426,1.57290822179732
"46",617,"you.re",422,1.54028758169935
"47",237,"just",421,1.70635764705882
"48",104,"world",416,1.65648009367681
"49",383,"come",413,1.4136387434555
"50",92,"want",412,1.9671220043573
"51",219,"can.t",411,1.80021882352941
"52",87,"if.",409,1.79321895973154
"53",444,"old",406,1.34607736720554
"54",17,"this",405,1.7927037037037
"55",381,"back",404,1.71621779859485
"56",182,"way",400,1.64805051449953
"57",105,"day",399,1.5358953722334
"58",31,"never",393,1.66918796992481
"59",479,"out",386,1.55575847457627
"60",363,"blue",385,1.04000868725869
"61",403,"again",383,1.69132658227848
"62",301,"are",362,1.67939295774648
"63",599,"la",360,1.52934963579605
"64",384,"over",354,1.65128419182948
"65",281,"from",352,1.5710113960114
"66",23,"let",351,1.70357364341085
"67",257,"i.ll",345,1.49483190883191
"68",385,"know",345,1.71944757033248
"69",101,"life",339,1.8835
"70",426,"have",329,1.72054518950437
"71",274,"take",323,1.6646976744186
"72",180,"can",321,1.69978887744593
"73",210,"we",321,1.6340125
"74",492,"now",320,1.70609486166008
"75",106,"at",319,1.57577943925234
"76",455,"long",313,1.46921768707483
"77",1004,"sweet",312,1.41111479028698
"78",133,"by",309,1.4876132218845
"79",397,"more",291,1.52998143236074
"80",171,"away",288,1.38575623268698
"81",406,"eyes",277,1.67650541516245
"82",90,"how",274,1.65574104683196
"83",247,"will",274,1.82935906040268
"84",657,"oh",267,1.46970117647059
"85",259,"there",266,1.61426117647059
"86",399,"rock",266,2.09402099737533
"87",766,"tonight",266,1.77792164179104
"88",121,"too",252,1.43655666666667
"89",427,"dream",251,1.39707663551402
"90",164,"woman",249,1.97317509727626
"91",260,"only",245,1.73413114754098
"92",667,"moon",242,1.23413535911602
"93",191,"not",240,1.68481358885017
"94",48,"dance",234,2.0514328358209
"95",295,"say",234,1.99884108527132
"96",140,"why",232,1.16336206896552
"97",639,"boy",232,1.70720994475138
"98",655,"make",231,1.69034843205575
"99",243,"new",230,1.30214915254237
"100",1521,"de",227,1.46980690112807
"101",55,"ain.t",224,1.62469314079422
"102",42,"heaven",220,1.50851028806584
"103",387,"tell",220,1.37294615384615
"104",608,"gonna",218,1.72380555555556
"105",18,"here",214,1.56949582463466
"106",93,"around",213,2.00241148325359
"107",261,"where",212,1.56773006134969
"108",317,"last",208,1.49645217391304
"109",136,"kiss",207,1.9295320754717
"110",63,"cry",203,1.69886379928315
"111",37,"rain",197,1.71767281105991
"112",554,"as",197,1.42842145421903
"113",46,"thing",195,1.77718266666667
"114",462,"that.s",193,1.47969264069264
"115",153,"stop",192,1.68172906403941
"116",461,"music",190,1.59873655913978
"117",516,"lady",190,1.81972959183673
"118",256,"give",188,1.83394666666667
"119",676,"see",186,1.60869841269841
"120",712,"right",185,1.72464179104478
"121",1129,"o",185,1.59491811872636
"122",82,"happy",184,1.44183695652174
"123",337,"i.ve",183,1.65478728070175
"124",568,"let.s",179,1.95449714285714
"125",656,"believe",179,1.87545226130653
"126",500,"was",176,1.31734156378601
"127",142,"need",175,1.54021917808219
"128",377,"but",169,1.34341532258065
"129",1107,"gone",169,1.23941666666667
"130",366,"always",167,1.74538787878788
"131",356,"together",165,1.64076687116564
"132",490,"without",164,1.83884662576687
"133",596,"beautiful",164,2.06363190184049
"134",1530,"christmas",163,1.36828834355828
"135",154,"she",161,1.66091011235955
"136",51,"wanna",160,2.43563190184049
"137",54,"stay",159,1.46605952380952
"138",128,"crazy",159,1.67707096774194
"139",199,"two",159,1.51650609756098
"140",178,"and",158,1.50182468694097
"141",547,"about",158,1.60086875
"142",3,"fire",157,1.81887567567568
"143",149,"forever",157,1.6560127388535
"144",150,"young",157,1.66321518987342
"145",175,"feel",157,2.01380902777778
"146",1110,"mind",157,1.48890404040404
"147",1205,"mine",157,1.40095977011494
"148",1041,"dreams",155,1.49873076923077
"149",74,"live",154,1.61739112903226
"150",708,"town",154,1.52886697247706
"151",1103,"hold",154,1.78452071005917
"152",335,"call",152,1.63043805309735
"153",589,"who",152,1.55220817843866
"154",511,"alone",151,1.67484210526316
"155",120,"lonely",149,1.53809722222222
"156",1175,"her",149,1.6142429760666
"157",1044,"another",148,2.11932624113475
"158",95,"keep",147,1.52171195652174
"159",518,"rose",146,1.53557383966245
"160",1035,"goodbye",146,1.5931095890411
"161",267,"red",145,1.59090647482014
"162",502,"look",145,1.5985020746888
"163",529,"please",145,1.43064492753623
"164",566,"roll",144,1.77496330275229
"165",1134,"river",142,1.56864912280702
"166",365,"sun",141,1.6111595505618
"167",530,"black",141,1.93275
"168",737,"were",141,1.45486896551724
"169",1243,"ever",140,1.71467321288295
"170",359,"summer",138,1.59145410628019
"171",423,"hey",138,2.15783333333333
"172",653,"walk",137,1.74591304347826
"173",976,"soul",137,1.29101315789474
"174",79,"mama",135,1.23303571428571
"175",727,"star",135,1.89399469496021
"176",1891,"wild",135,1.74494936708861
"177",114,"still",134,1.33132592592593
"178",698,"some",134,1.4475288326301
"179",558,"bad",131,2.05626573426573
"180",651,"an",131,1.61120209453722
"181",531,"big",130,1.61762222222222
"182",315,"angel",129,1.66091443850267
"183",1036,"am",129,1.51452858856457
"184",183,"morning",127,1.35273643410853
"185",765,"bye",127,1.53186752136752
"186",1126,"everything",127,1.87876086956522
"187",1367,"days",126,1.62881203007519
"188",724,"remember",125,1.3993046875
"189",1034,"every",124,1.73125321888412
"190",338,"been",123,1.61972950819672
"191",681,"there.s",123,1.25818604651163
"192",791,"comes",122,1.354859375
"193",396,"miss",121,1.62040186915888
"194",69,"or",120,1.51766051259774
"195",212,"street",120,1.51365467625899
"196",201,"people",119,1.71120168067227
"197",971,"fall",119,1.72598319327731
"198",1365,"free",119,1.39049162011173
"199",1314,"white",118,2.25596923076923
"200",333,"high",116,1.71726436781609
"201",170,"turn",115,1.57579888268156
"202",204,"run",115,1.68237768240343
"203",209,"things",115,1.7362
"204",590,"made",115,1.844688
"205",764,"going",115,1.22745535714286
"206",632,"could",114,1.51907407407407
"207",254,"TRUE",113,1.4306036036036
"208",36,"nothing",112,1.92188235294118
"209",634,"smile",112,1.32315966386555
"210",796,"hello",111,1.6576
"211",1003,"sunshine",111,1.4661981981982
"212",684,"round",110,1.97528
"213",756,"mr",108,2.024976
"214",296,"something",107,1.60750819672131
"215",398,"than",107,1.47821164021164
"216",565,"n",107,1.58614739073935
"217",736,"wonderful",107,1.44283962264151
"218",1128,"times",107,1.35444137931034
"219",1432,"house",106,1.42914084507042
"220",494,"better",105,1.52724761904762
"221",1025,"everybody",105,1.73117037037037
"222",234,"da",104,1.52516903837861
"223",1200,"sing",104,1.6490578778135
"224",102,"goes",103,1.60588349514563
"225",268,"light",103,1.70704419889503
"226",456,"city",103,1.65851376146789
"227",705,"someone",103,1.10894059405941
"228",1179,"had",103,1.82011794871795
"229",380,"somebody",102,1.94158035714286
"230",505,"theme",102,2.73808910891089
"231",2019,"leave",102,1.5706974789916
"232",78,"dear",101,1.04397540983607
"233",262,"girls",101,2.47275
"234",716,"lovin",101,1.52324083769634
"235",466,"lost",100,1.16251
"236",774,"they",100,1.731375
"237",64,"X2",99,NA
"238",241,"wish",99,1.43910526315789
"239",253,"talk",99,1.39976258992806
"240",641,"think",99,1.38408982035928
"241",1214,"road",99,1.55793959731544
"242",113,"tears",98,1.50167368421053
"243",760,"put",98,1.55409565217391
"244",1405,"lover",98,1.88827976190476
"245",1514,"she.s",98,1.68552777777778
"246",564,"you.ve",96,1.2800303030303
"247",1801,"change",96,1.17517808219178
"248",2570,"coming",96,1.45880582524272
"249",1493,"own",94,1.56247664543524
"250",451,"our",93,1.61135456885457
"251",767,"arms",93,1.377
"252",1717,"party",93,1.77307142857143
"253",352,"sky",92,1.60118103448276
"254",640,"sweetheart",92,1.05140186915888
"255",10,"what.s",91,1.91170833333333
"256",146,"dancing",91,2.07738043478261
"257",450,"us",91,1.68316537867079
"258",528,"much",91,1.78310714285714
"259",125,"end",90,1.66951672240803
"260",186,"hot",90,2.2105923566879
"261",303,"boogie",90,2.02082608695652
"262",132,"stand",89,1.49311971830986
"263",157,"paradise",89,1.85710112359551
"264",1537,"waltz",89,1.4899587628866
"265",45,"real",88,1.83744594594595
"266",324,"did",88,1.34606790123457
"267",772,"rag",88,1.53767708333333
"268",1009,"side",88,1.41162735849057
"269",425,"honey",87,1.28123423423423
"270",1276,"loving",87,1.62619318181818
"271",1326,"easy",87,1.39476744186047
"272",305,"help",86,2.06046315789474
"273",416,"after",86,1.35923762376238
"274",690,"e",86,1.59756745165315
"275",693,"won.t",86,1.45152873563218
"276",1139,"he",86,1.63912567132116
"277",43,"magic",85,1.91788764044944
"278",372,"moonlight",85,1.54331395348837
"279",553,"hard",85,1.93241176470588
"280",609,"sorry",85,1.65671428571429
"281",800,"deep",85,2.05945098039216
"282",849,"fool",85,1.55154022988506
"283",44,"friend",84,1.40366853932584
"284",336,"name",84,2.16261386138614
"285",848,"gotta",84,1.49457142857143
"286",223,"best",83,1.70647619047619
"287",91,"u",82,1.56090335065797
"288",190,"fly",82,1.80646
"289",1740,"off",82,1.47123008849558
"290",620,"save",81,1.70157608695652
"291",1925,"loved",81,1.94773913043478
"292",665,"shine",80,1.2951
"293",1154,"broken",80,1.71821176470588
"294",1244,"roses",80,1.45919230769231
"295",2280,"que",80,1.28334653465347
"296",218,"touch",79,2.26502298850575
"297",794,"cold",79,1.42466666666667
"298",1299,"door",79,1.54546428571429
"299",1340,"through",79,1.348
"300",81,"mary",78,1.40151020408163
"301",96,"head",78,1.62335964912281
"302",642,"you.ll",77,1.66487012987013
"303",289,"train",76,1.95423529411765
"304",1024,"myself",76,1.37325
"305",1375,"sugar",76,1.82258666666667
"306",1552,"three",76,1.94425
"307",2316,"maria",76,1.502
"308",2747,"wind",76,1.92610191082803
"309",306,"falling",75,1.71752
"310",757,"play",75,1.69749618320611
"311",1141,"melody",75,1.85244
"312",1319,"till",75,1.37869626168224
"313",1330,"hand",75,1.85809032258065
"314",2823,"must",75,1.76162962962963
"315",446,"kind",74,1.39294505494505
"316",559,"place",74,1.75216666666667
"317",1700,"tomorrow",74,1.04298734177215
"318",160,"because",73,2.21623287671233
"319",430,"waiting",73,1.5922602739726
"320",448,"pretty",73,1.87830555555556
"321",921,"le",73,1.5449090132422
"322",1379,"stars",73,1.81649367088608
"323",1519,"serenade",73,1.25387671232877
"324",88,"ya",72,1.54026600985222
"325",1081,"water",71,1.56127102803738
"326",2295,"feeling",71,2.10834210526316
"327",233,"money",70,1.89169565217391
"328",390,"care",70,1.38939552238806
"329",465,"has",70,1.13475221238938
"330",607,"lucky",70,1.60571641791045
"331",785,"alright",70,1.50301470588235
"332",1026,"loves",70,2.18421794871795
"333",1151,"lonesome",70,1.06125352112676
"334",357,"these",69,2.03408695652174
"335",699,"sunday",69,1.55973529411765
"336",1248,"along",69,1.233
"337",1392,"boys",69,1.60641095890411
"338",808,"someday",68,1.17066176470588
"339",1118,"gal",68,1.25879674796748
"340",1160,"face",68,2.01242857142857
"341",1582,"die",68,1.61330481283422
"342",1603,"gold",68,1.47846153846154
"343",1924,"nobody",68,1.29559223300971
"344",2702,"lights",68,1.88448571428571
"345",433,"king",67,1.47587556561086
"346",467,"his",67,1.77681313131313
"347",579,"shake",67,2.16412676056338
"348",1294,"years",67,1.14978787878788
"349",1694,"yourself",67,1.61591044776119
"350",265,"X1",66,NA
"351",276,"step",66,1.40634408602151
"352",1104,"st",66,1.58427494780793
"353",1510,"daddy",66,1.20045333333333
"354",135,"first",65,1.95696875
"355",193,"johnny",65,1.31137704918033
"356",323,"crying",65,1.58415384615385
"357",550,"rhythm",65,1.70057575757576
"358",1472,"part",65,1.79697787610619
"359",1721,"amor",65,1.01890598290598
"360",2123,"open",65,1.40290909090909
"361",70,"alive",64,1.982078125
"362",148,"dark",64,1.3554875
"363",463,"before",64,1.47534375
"364",474,"under",64,1.75546052631579
"365",740,"summertime",64,1.49884375
"366",929,"ma",64,1.51384816035146
"367",1048,"green",64,1.85684810126582
"368",1082,"bird",64,1.5376
"369",282,"looking",63,1.54991935483871
"370",1037,"wait",63,1.32314379084967
"371",1316,"shame",63,1.41067307692308
"372",1401,"words",63,1.72803174603175
"373",1747,"born",63,2.13688405797101
"374",3347,"god",63,1.56220454545455
"375",1145,"band",62,1.77007792207792
"376",1307,"show",62,1.69514457831325
"377",85,"em",61,1.51308208208208
"378",141,"anything",61,1.37270491803279
"379",331,"yours",61,1.45556692913386
"380",402,"try",61,1.31418055555556
"381",697,"meet",61,1.08743421052632
"382",868,"te",61,1.55685226326021
"383",865,"un",60,1.59760773258155
"384",1434,"america",60,1.98986554621849
"385",1556,"hearts",60,1.52418666666667
"386",1834,"walking",60,1.83138333333333
"387",2355,"ride",60,1.76092792792793
"388",100,"child",59,1.57867768595041
"389",277,"into",59,1.83820338983051
"390",417,"midnight",59,1.45713559322034
"391",499,"enough",59,2.62094736842105
"392",1008,"other",59,1.72540060240964
"393",1033,"nights",59,2.05829032258065
"394",1159,"hands",59,1.80944444444444
"395",1263,"didn.t",59,1.42859322033898
"396",1308,"tu",59,1.50925463535229
"397",2459,"him",59,1.7578
"398",89,"hear",58,1.6171388638413
"399",330,"mountain",58,1.23102898550725
"400",411,"mother",58,1.19095774647887
"401",1211,"he.s",58,1.52571288102262
"402",1589,"thinking",58,1.2423275862069
"403",1915,"who.s",58,1.58328571428571
"404",2709,"forget",58,1.79286764705882
"405",179,"while.",57,1.22884615384615
"406",342,"living",57,1.94477586206897
"407",1174,"land",57,1.09954838709677
"408",1207,"papa",57,1.60498412698413
"409",1220,"sleep",57,1.43293023255814
"410",1356,"tree",57,1.56330288461538
"411",2257,"found",57,1.95105
"412",97,"letter",56,1.41329577464789
"413",112,"many",56,0.921969696969697
"414",198,"move",56,2.02850704225352
"415",453,"should",56,1.58459756097561
"416",460,"thank",56,1.36529166666667
"417",483,"said",56,1.85646428571429
"418",734,"would",56,1.38807594936709
"419",999,"same",56,1.14668055555556
"420",1096,"na",56,1.65582729331823
"421",1115,"late",56,1.51269230769231
"422",1272,"darling",56,0.790615384615385
"423",1380,"close",56,1.79185
"424",405,"saturday",55,1.3182
"425",711,"any",55,1.2405987460815
"426",1106,"goodnight",55,1.57571698113208
"427",1998,"brown",55,1.94085714285714
"428",2373,"maybe",55,1.37408928571429
"429",2896,"swing",55,1.6391038961039
"430",3083,"les",55,1.4370960591133
"431",3198,"once",55,1.0507125
"432",677,"wedding",54,1.30262962962963
"433",961,"stone",54,1.52536904761905
"434",1534,"joe",54,1.33814754098361
"435",1669,"country",54,1.05464814814815
"436",2328,"friends",54,1.34226315789474
"437",25,"beat",53,1.86600892857143
"438",94,"wonder",53,1.4598449197861
"439",1469,"mean",53,1.29734444444444
"440",28,"body",52,1.71273464373464
"441",68,"dead",52,1.16722807017544
"442",484,"done",52,1.76918965517241
"443",527,"secret",52,1.53179032258065
"444",561,"bells",52,1.19954716981132
"445",675,"i.d",52,1.54327247502775
"446",715,"bring",52,1.51098275862069
"447",1413,"we.re",52,1.60594230769231
"448",239,"bit",51,2.16447727272727
"449",452,"ring",51,1.55096062992126
"450",469,"game",51,2.2303661971831
"451",1368,"break.",51,1.89248913043478
"452",2606,"poor",51,0.933708333333333
"453",3184,"santa",51,1.31309615384615
"454",16,"ready",50,1.40171698113208
"455",124,"until",50,1.2295
"456",392,"knew",50,1.74496
"457",443,"top",50,1.67665151515152
"458",696,"sea",50,1.57224444444444
"459",886,"di",50,1.57783502366464
"460",1604,"trouble",50,1.25057534246575
"461",145,"children",49,1.08432692307692
"462",307,"queen",49,1.75855555555556
"463",334,"low",49,1.87214754098361
"464",536,"next.",49,1.44153191489362
"465",967,"line",49,1.40447244094488
"466",1042,"power",49,2.14342592592593
"467",1525,"wrong",49,1.02292307692308
"468",1561,"belong",49,2.00873913043478
"469",2350,"yes",49,1.68315384615385
"470",2548,"anymore",49,1.42930612244898
"471",3332,"american",49,2.52503571428571
"472",200,"five",48,1.84776086956522
"473",378,"number",48,1.39052631578947
"474",578,"york",48,0.943155555555556
"475",598,"c.est",48,1.24714285714286
"476",952,"du",48,1.50453112033195
"477",1240,"rainbow",48,1.38069090909091
"478",2327,"lullaby",48,1.05751020408163
"479",3037,"soon",48,1.20076363636364
"480",21,"jump",47,1.89546153846154
"481",459,"chance",47,1.654
"482",845,"il",47,1.5785528109029
"483",899,"twist",47,2.38655357142857
"484",1298,"somewhere",47,1.38127659574468
"485",1324,"really",47,2.44193617021277
"486",1954,"well",47,1.38082926829268
"487",2055,"john",47,1.32310434782609
"488",2633,"told",47,1.54914285714286
"489",8,"prayer",46,2.333
"490",286,"special",46,1.29010204081633
"491",1372,"four",46,1.61412
"492",1642,"sunny",46,1.30476595744681
"493",1877,"snow",46,1.17508333333333
"494",5083,"je",46,1.67897709923664
"495",292,"today",45,1.38351020408163
"496",860,"se",45,1.57370550161812
"497",1297,"hurt",45,1.78352941176471
"498",1685,"yellow",45,3.35626666666667
"499",2033,"ball",45,1.78253846153846
"500",2192,"mood",45,1.78644
"501",2348,"devil",45,1.88913725490196
"502",174,"holiday",44,1.62691111111111
"503",600,"vie",44,1.23524347826087
"504",683,"makes",44,1.68254545454545
"505",1164,"follow",44,1.70258333333333
"506",1312,"apple",44,1.68614814814815
"507",1909,"hill",44,1.45443373493976
"508",2392,"nao",44,0.588522727272727
"509",2529,"funny",44,0.913116279069767
"510",2783,"lovely",44,1.58967441860465
"511",2844,"island",44,1.12386538461538
"512",3575,"running",44,1.674
"513",4439,"garden",44,1.38810204081633
"514",4861,"meu",44,0.644422222222222
"515",546,"those",43,1.52806976744186
"516",1031,"air",43,1.56001568627451
"517",1184,"find",43,0.999212765957447
"518",1206,"radio",43,1.51533333333333
"519",1295,"story",43,1.51494117647059
"520",1620,"georgia",43,1.4813023255814
"521",1719,"runaway",43,1.65013636363636
"522",2338,"cool",43,1.82455
"523",2925,"great",43,1.75390163934426
"524",4717,"eu",43,1.03375179856115
"525",58,"california",42,3.00159523809524
"526",294,"far",42,1.34785436893204
"527",473,"takes",42,1.88339534883721
"528",586,"jack",42,1.91038983050847
"529",787,"yesterday",42,1.88492307692308
"530",1038,"lose",42,2.0121329113924
"531",1173,"man.s",42,1.26323728813559
"532",1209,"sad",42,1.46195774647887
"533",1385,"son",42,1.69100362318841
"534",1508,"war",42,1.22480869565217
"535",1702,"boom",42,3.50272222222222
"536",2321,"rockin",42,1.34213461538462
"537",3206,"work",42,1.59458139534884
"538",224,"candy",41,1.89957777777778
"539",393,"million",41,0.69168085106383
"540",400,"boat",41,1.73710144927536
"541",464,"came",41,1.60241860465116
"542",538,"dirty",41,1.73819444444444
"543",648,"nice",41,1.40113043478261
"544",668,"silver",41,1.10770909090909
"545",1190,"south",41,1.02230303030303
"546",1713,"sometimes",41,1.35487804878049
"547",1917,"sentimental",41,1.57614634146341
"548",1951,"saw",41,1.71704081632653
"549",2062,"valley",41,1.40548780487805
"550",297,"freedom",40,1.3362
"551",874,"voce",40,0.570325
"552",914,"si",40,1.48217939135077
"553",3132,"knows",40,1.31785
"554",498,"stranger",39,2.22918518518519
"555",669,"bell",39,1.34809090909091
"556",1109,"polka",39,2.00420512820513
"557",1167,"golden",39,1.4854
"558",1735,"inside",39,1.41923684210526
"559",1803,"evening",39,1.57389743589744
"560",2794,"seven",39,1.09809090909091
"561",156,"perfect",38,1.50178947368421
"562",316,"butterfly",38,1.53578947368421
"563",739,"else.",38,1.24780555555556
"564",825,"non",38,1.38422222222222
"565",1146,"dixie",38,0.821565217391304
"566",1306,"darlin",38,1.11598876404494
"567",1354,"dreaming",38,0.77735
"568",2125,"fun",38,1.49237593984962
"569",3279,"missing",38,2.3415
"570",77,"changes",37,1.15562162162162
"571",989,"nobody.s",37,1.00241025641026
"572",994,"doll",37,1.71924050632911
"573",1022,"der",37,1.53389102564103
"574",1548,"tennessee",37,1.73075675675676
"575",1600,"choo",37,1.55989830508475
"576",1692,"send",37,1.63086956521739
"577",1705,"left",37,1.21897297297297
"578",1777,"wake",37,2.47245945945946
"579",1854,"jones",37,1.33764864864865
"580",1992,"slow",37,1.63625
"581",2148,"marie",37,1.2539756097561
"582",2263,"dreamer",37,1.10869047619048
"583",3362,"strange",37,1.82285416666667
"584",3396,"angels",37,1.21372972972973
"585",379,"feelin",36,1.83586607142857
"586",706,"used",36,1.6224358974359
"587",747,"s",36,1.56087013773882
"588",1065,"desire",36,1.3667
"589",1119,"wine",36,1.73218421052632
"590",1152,"peace",36,1.16165217391304
"591",1441,"guy",36,1.99878723404255
"592",1540,"lips",36,1.72396428571429
"593",1670,"dog",36,1.87165079365079
"594",1688,"heartbeat",36,1.21927027027027
"595",1936,"everyday",36,1.3875
"596",2789,"hero",36,2.35998275862069
"597",2866,"room",36,2.15514583333333
"598",2881,"san",36,1.55539830508475
"599",4502,"burning",36,1.92447222222222
"600",22,"joy",35,1.93713461538462
"601",130,"mister",35,1.78391666666667
"602",251,"window",35,1.42817073170732
"603",721,"seen",35,2.10022222222222
"604",1092,"matter",35,1.83634042553191
"605",1545,"moment",35,2.12735555555556
"606",1835,"shout",35,2.08714285714286
"607",1904,"doo",35,1.69204794520548
"608",2197,"smoke",35,2.11457894736842
"609",2303,"brother",35,1.47557777777778
"610",3598,"quando",35,0.60256
"611",266,"X3",34,NA
"612",325,"anyone",34,1.14444117647059
"613",410,"does",34,1.73431034482759
"614",437,"lay",34,1.78172395833333
"615",501,"then",34,1.66547368421053
"616",557,"hell",34,1.51283018867925
"617",591,"whole",34,2.41338235294118
"618",614,"wheel",34,1.53196428571429
"619",630,"closer",34,1.5645
"620",781,"shoes",34,1.24637142857143
"621",1017,"uncle",34,0.929205882352941
"622",1105,"louis",34,0.893403225806452
"623",1189,"goin",34,1.29230344827586
"624",1249,"sixteen",34,2.73726470588235
"625",1279,"lie",34,1.68639301310044
"626",1322,"grow",34,1.15757894736842
"627",1391,"stardust",34,1.35720588235294
"628",1463,"affair",34,1.69055882352941
"629",1570,"upon",34,1.01902777777778
"630",2058,"bout",34,1.52417525773196
"631",2289,"lovers",34,1.16320588235294
"632",3024,"london",34,0.809181818181818
"633",4986,"paris",34,1.17848571428571
"634",5986,"sexy",34,4.23125
"635",56,"mad",33,1.60918309859155
"636",84,"hit",33,1.96255102040816
"637",346,"reason",33,1.60922916666667
"638",435,"kisses",33,1.43436363636364
"639",439,"medley",33,0.70869696969697
"640",906,"ti",33,1.56234011151197
"641",983,"lord",33,1.87670454545455
"642",1358,"lee",33,1.56343617021277
"643",1428,"behind",33,1.67942424242424
"644",1568,"listen",33,1.57062857142857
"645",1824,"west",33,2.19216279069767
"646",2371,"rhapsody",33,2.10512121212121
"647",2798,"hurts",33,1.52912121212121
"648",67,"wanted",32,1.49271875
"649",350,"earth",32,2.04472222222222
"650",646,"isn.t",32,1.08125
"651",649,"knock",32,1.97354237288136
"652",786,"fever",32,1.76478125
"653",893,"orleans",32,1.73171875
"654",992,"box",32,1.51502040816327
"655",997,"walkin",32,1.88856989247312
"656",1116,"worry",32,1.472
"657",1169,"hallelujah",32,1.19475
"658",1289,"spanish",32,1.2619375
"659",1666,"cross",32,1.14019298245614
"660",1674,"hair",32,1.32854838709677
"661",1875,"calling",32,1.452875
"662",2243,"das",32,1.10081818181818
"663",2444,"ghost",32,1.82129268292683
"664",3336,"fine",32,1.836675
"665",956,"eye",31,1.6624269005848
"666",1181,"sally",31,1.51734375
"667",1494,"moi",31,2.43388888888889
"668",1557,"whatever",31,2.00635483870968
"669",1684,"ask",31,1.31325490196078
"670",1762,"each",31,1.6764
"671",2027,"called",31,2.48458064516129
"672",2053,"everybody.s",31,1.75638235294118
"673",3685,"en",31,1.51449027514232
"674",4684,"um",31,1.50692167101828
"675",374,"X4",30,NA
"676",597,"wants",30,3.45883333333333
"677",725,"merry",30,0.999827586206896
"678",729,"broadway",30,1.47403225806452
"679",1076,"tango",30,1.6963
"680",1108,"guitar",30,1.40325714285714
"681",1135,"tired",30,1.60225
"682",1199,"lazy",30,1.29238709677419
"683",1261,"heard",30,1.81413333333333
"684",1378,"fantasy",30,1.6267
"685",1426,"hearted",30,1.6241875
"686",1559,"fools",30,1.43583333333333
"687",1819,"ballad",30,2.5708
"688",1837,"ich",30,1.56710687022901
"689",2004,"babe",30,1.86791428571429
"690",2361,"nothin",30,1.91444666666667
"691",2502,"sera",30,1.66475862068966
"692",2786,"romance",30,1.3689
"693",2820,"truly",30,1.81852173913043
"694",2969,"there.ll",30,1.57133333333333
"695",3715,"lies",30,1.34674509803922
"696",4163,"cha",30,1.52361003236246
"697",32,"surrender",29,1.66351724137931
"698",264,"ten",29,1.34731439393939
"699",309,"mia",29,1.90533962264151
"700",419,"year",29,1.43182407407407
"701",563,"highway",29,1.05455172413793
"702",710,"bay",29,1.69426086956522
"703",798,"glory",29,2.0287037037037
"704",1067,"gypsy",29,1.98953125
"705",1098,"blame",29,1.3941724137931
"706",1453,"welcome",29,1.57172413793103
"707",1594,"texas",29,1.91051724137931
"708",1597,"tiger",29,2.1144
"709",1737,"soldier",29,1.55325531914894
"710",1757,"getting",29,1.63548387096774
"711",1768,"memories",29,1.27058620689655
"712",1809,"wings",29,2.1268125
"713",2210,"winter",29,1.11605714285714
"714",2324,"pass",29,1.02512195121951
"715",2597,"luck",29,1.50030303030303
"716",2782,"sleepy",29,1.29537931034483
"717",2913,"stomp",29,1.06118421052632
"718",3170,"superstar",29,1.29275862068966
"719",5646,"ep",29,1.53711154345006
"720",339,"losing",28,1.6591
"721",637,"glad",28,1.214875
"722",1132,"happiness",28,1.47953571428571
"723",1496,"burn",28,1.53869736842105
"724",1507,"bridge",28,2.28876315789474
"725",1551,"ole",28,1.59213551401869
"726",2008,"comin",28,1.54115151515152
"727",2750,"breaking",28,1.81544827586207
"728",2796,"mexico",28,1.17846428571429
"729",2848,"weather",28,1.29803448275862
"730",3120,"keeps",28,1.64278571428571
"731",3387,"sound",28,2.26041463414634
"732",3676,"til",28,1.40342052980132
"733",129,"guilty",27,1.00185185185185
"734",415,"gimme",27,2.915
"735",533,"gun",27,1.2438275862069
"736",633,"learn",27,1.5245
"737",789,"ruby",27,1.87785185185185
"738",890,"mi",27,1.45205435847209
"739",947,"una",27,1.4639696969697
"740",982,"livin",27,2.16907058823529
"741",1040,"making",27,1.7232962962963
"742",1274,"cried",27,1.04903703703704
"743",1275,"started",27,2.99555555555556
"744",1759,"very",27,1.68097455968689
"745",1848,"o.clock",27,1.68288461538462
"746",1908,"dee",27,2.15421379310345
"747",1967,"holy",27,0.908048780487805
"748",2112,"business",27,1.18642307692308
"749",2198,"gets",27,2.02685714285714
"750",2205,"drive",27,2.01964444444444
"751",2256,"foolish",27,1.98020689655172
"752",2937,"eyed",27,1.13510714285714
"753",3293,"farewell",27,1.41240740740741
"754",3713,"monday",27,3.03242857142857
"755",3872,"louie",27,2.13705882352941
"756",3875,"breathe",27,2.62355555555556
"757",5286,"needs",27,0.916148148148148
"758",116,"temptation",26,1.03376923076923
"759",240,"men",26,1.33972340425532
"760",300,"ho",26,1.50020853858785
"761",844,"went",26,1.6324347826087
"762",1222,"sister",26,1.37002564102564
"763",1362,"miles",26,1.99791891891892
"764",1439,"tune",26,1.34571739130435
"765",1532,"cowboy",26,1.58088235294118
"766",1725,"shadow",26,1.91542
"767",1742,"almost",26,1.64488461538462
"768",1749,"sunset",26,1.23857692307692
"769",2146,"hate",26,1.81325806451613
"770",2535,"book",26,0.975321428571429
"771",2634,"sin",26,1.46085685483871
"772",2874,"trail",26,1.06531034482759
"773",3527,"car",26,1.50797347480106
"774",328,"early",25,1.02724390243902
"775",731,"fingers",25,0.710538461538462
"776",954,"amazing",25,1.49208
"777",1085,"tear",25,1.5024693877551
"778",1313,"blossom",25,1.82885714285714
"779",1333,"feet",25,1.50796153846154
"780",1344,"simple",25,0.72208
"781",1359,"school",25,1.5186
"782",1387,"el",25,1.61418352941176
"783",1473,"ii",25,1.13366666666667
"784",1475,"fight",25,2.5912380952381
"785",1635,"X5",25,0.052
"786",1690,"tender",25,1.59823636363636
"787",1784,"paper",25,2.13097222222222
"788",1981,"revolution",25,1.01468
"789",1993,"china",25,1.5361875
"790",2190,"ago",25,1.49051351351351
"791",2268,"fair",25,1.53478571428571
"792",2466,"venus",25,2.57304
"793",2763,"fell",25,1.59876923076923
"794",2869,"sure",25,1.11254838709677
"795",2967,"hour",25,1.32431578947368
"796",2988,"sex",25,3.49192857142857
"797",3348,"heartache",25,1.52015217391304
"798",3483,"father",25,1.44791428571429
"799",3554,"drop",25,1.74192753623188
"800",3612,"ein",25,1.48783888888889
"801",3807,"we.ll",25,1.36172
"802",4319,"strong",25,2.1456
"803",4384,"ways",25,1.74865284974093
"804",4569,"funky",25,2.46635714285714
"805",228,"disco",24,2.52588461538462
"806",271,"indian",24,1.25230952380952
"807",438,"middle",24,1.08308333333333
"808",582,"thrill",24,1.7589
"809",627,"flying",24,1.36391666666667
"810",628,"machine",24,1.24619230769231
"811",638,"met",24,1.49105240174672
"812",742,"chair",24,0.538541666666667
"813",746,"corner",24,1.845875
"814",750,"carolina",24,1.46616666666667
"815",751,"irish",24,1.120625
"816",909,"clock",24,2.05625
"817",928,"such",24,1.99938461538462
"818",993,"pink",24,2.16216
"819",1027,"mammy",24,1.44185185185185
"820",1073,"second",24,1.75478571428571
"821",1131,"married",24,0.836434782608696
"822",1208,"doesn.t",24,1.61220833333333
"823",1231,"swanee",24,1.15145833333333
"824",1311,"cherry",24,2.22745454545455
"825",1355,"shade",24,1.81193103448276
"826",1406,"bed",24,1.52534146341463
"827",1436,"love.s",24,1.63154545454545
"828",1612,"mississippi",24,1.00375
"829",1664,"dreamin",24,1.000109375
"830",1953,"since",24,1.41243243243243
"831",2003,"heartbreaker",24,1.41872
"832",2156,"flowers",24,2.2506
"833",2175,"begin",24,1.49122807017544
"834",2181,"purple",24,2.08854166666667
"835",2220,"mein",24,1.14441935483871
"836",2255,"them",24,2.43802919708029
"837",2319,"sue",24,2.04797435897436
"838",2532,"memory",24,1.81229166666667
"839",2551,"reach",24,1.93529268292683
"840",2611,"word",24,1.67773033707865
"841",2701,"half",24,1.70035714285714
"842",2785,"lane",24,2.13001818181818
"843",2858,"ooh",24,1.54086206896552
"844",2989,"breath",24,2.64716923076923
"845",3409,"return",24,2.27388461538462
"846",3426,"standing",24,1.3946
"847",3470,"hi",24,1.63760006333122
"848",4002,"skin",24,1.26282926829268
"849",4316,"sittin",24,1.65285
"850",4353,"ice",24,1.69514835164835
"851",4385,"penny",24,1.8417
"852",6027,"gloria",24,1.30125
"853",49,"twilight",23,1.38395652173913
"854",66,"most",23,1.84358
"855",177,"thought",23,0.871457142857143
"856",401,"gave",23,0.579954545454546
"857",694,"wouldn.t",23,1.19469565217391
"858",953,"jealousy",23,0.866260869565217
"859",998,"sand",23,1.87990243902439
"860",1136,"being",23,2.20904
"861",1303,"jealous",23,1.06832608695652
"862",1305,"cat",23,1.97733846153846
"863",1449,"teenage",23,2.17158620689655
"864",1461,"girlfriend",23,2.30473913043478
"865",1529,"bottom",23,1.3682962962963
"866",1539,"lot",23,1.86322388059701
"867",1602,"diamonds",23,2.04873913043478
"868",1656,"pie",23,1.79632530120482
"869",1900,"bang",23,2.8242380952381
"870",1957,"harlem",23,1.5432
"871",2101,"higher",23,2.42705
"872",2177,"between",23,1.07773913043478
"873",2323,"mighty",23,1.76069565217391
"874",2605,"guess",23,0.766347826086957
"875",3168,"small",23,1.39533333333333
"876",3462,"human",23,1.88888888888889
"877",3734,"happen",23,1.0164262295082
"878",4029,"talking",23,1.05917391304348
"879",4175,"baby.s",23,1.14695454545455
"880",4377,"hotel",23,2.86826086956522
"881",606,"flower",22,1.94074137931034
"882",652,"fashioned",22,0.946318181818182
"883",788,"chapel",22,1.97582608695652
"884",802,"set",22,2.01359420289855
"885",878,"bella",22,0.79045
"886",958,"blind",22,1.31956666666667
"887",975,"hole",22,1.85468852459016
"888",1210,"songs",22,2.27077272727273
"889",1291,"speak",22,1.88117857142857
"890",1342,"precious",22,1.55354545454545
"891",1538,"mambo",22,2.80368181818182
"892",1706,"outside",22,1.69882608695652
"893",1734,"laughing",22,1.13304545454545
"894",1764,"promise",22,1.71095555555556
"895",1861,"ai",22,1.48566357027464
"896",1983,"stuff",22,2.37831818181818
"897",2013,"tea",22,1.48524380165289
"898",2050,"jungle",22,1.1795652173913
"899",2083,"sweetest",22,1.83636363636364
"900",2278,"shot",22,1.7602
"901",2329,"happened",22,0.887954545454545
"902",2720,"jive",22,1.72626086956522
"903",2853,"parts",22,0.6645
"904",2922,"gee",22,1.2732
"905",3756,"jazz",22,0.628888888888889
"906",4081,"walked",22,1.33535
"907",26,"control",21,2.51654545454545
"908",59,"ghetto",21,2.05571428571429
"909",211,"wall",21,1.89356603773585
"910",283,"glass",21,2.7522962962963
"911",285,"says",21,1.75683333333333
"912",361,"blood",21,1.59356666666667
"913",523,"parade",21,1.47852380952381
"914",526,"spirit",21,2.19567857142857
"915",601,"cruel",21,2.21071428571429
"916",799,"rolling",21,2.98795
"917",854,"re",21,1.56666945914168
"918",973,"full",21,1.10089655172414
"919",987,"nine",21,1.55048387096774
"920",1101,"softly",21,3.1482
"921",1140,"unchained",21,2.95938095238095
"922",1144,"ragtime",21,1.20390476190476
"923",1273,"forgive",21,1.52328125
"924",1336,"pain",21,1.21453968253968
"925",1337,"jane",21,1.60207692307692
"926",1409,"dollar",21,1.28126923076923
"927",1512,"pop",21,2.00353623188406
"928",1571,"kentucky",21,1.27652380952381
"929",1584,"mystery",21,1.23919047619048
"930",1899,"beginning",21,1.47686363636364
"931",1921,"wasn.t",21,2.00947619047619
"932",1947,"heartbreak",21,1.46157446808511
"933",2200,"sam",21,1.03968382352941
"934",2665,"hollywood",21,0.95047619047619
"935",2749,"family",21,2.95780952380952
"936",2847,"stormy",21,1.73561904761905
"937",3002,"singing",21,1.52066666666667
"938",3505,"ship",21,0.972138888888889
"939",3587,"ta",21,1.54346003752345
"940",3654,"count",21,1.25934653465347
"941",3776,"silent",21,1.14404761904762
"942",3931,"rise",21,1.45066
"943",4148,"autumn",21,0.949909090909091
"944",4499,"wishing",21,1.81071428571429
"945",4663,"por",21,0.996133333333333
"946",5076,"f",21,1.60626556623485
"947",5121,"mercy",21,1.69747368421053
"948",5777,"downtown",21,1.95428571428571
"949",71,"runnin",20,1.487328125
"950",126,"careless",20,2.22780952380952
"951",235,"club",20,2.77930434782609
"952",248,"straight",20,1.25388
"953",291,"twenty",20,1.1023
"954",298,"imagine",20,1.73525
"955",312,"sos",20,2.05480952380952
"956",658,"kid",20,1.30706382978723
"957",703,"afraid",20,1.01726315789474
"958",718,"rainy",20,1.3583
"959",776,"wife",20,0.628772727272727
"960",841,"hai",20,1.38589696969697
"961",861,"ne",20,1.45392233218589
"962",1028,"mon",20,1.6608591160221
"963",1186,"bound",20,0.7401875
"964",1193,"means",20,0.7382
"965",1223,"susie",20,1.75983333333333
"966",1264,"dangerous",20,1.25345454545455
"967",1288,"taking",20,1.40425
"968",1562,"whispering",20,1.8243
"969",1563,"hope",20,1.56151724137931
"970",1581,"flame",20,1.99068
"971",1621,"france",20,0.927692307692308
"972",1905,"jingle",20,2.06773333333333
"973",1995,"gettin",20,1.53686274509804
"974",2060,"picture",20,1.3908275862069
"975",2291,"cradle",20,1.63725
"976",2354,"heartaches",20,1.4145
"977",2545,"laura",20,1.33095
"978",2563,"hang",20,1.33901716738197
"979",2748,"win",20,1.72018778280543
"980",2761,"samba",20,0.8365
"981",2825,"stairway",20,1.497
"982",2908,"beyond",20,1.2882
"983",2970,"remind",20,2.18964
"984",3438,"faith",20,1.95417073170732
"985",3566,"motion",20,2.67474545454545
"986",3678,"nowhere",20,1.46105
"987",3724,"virginia",20,0.8242
"988",4407,"park",20,1.97741379310345
"989",5290,"beach",20,1.01152380952381
"990",5767,"silence",20,2.52633333333333
